sequence,n
Kinetic Energy-BF-B-NF,1
Kinetic Energy-BF-N-NP,1
Kinetic Energy-NF-B-BF,2
Kinetic Energy-NF-B-NF,8
Kinetic Energy-NF-B-NP,11
Kinetic Energy-NF-B,4
Kinetic Energy-NF-N-BF,2
Kinetic Energy-NF-N-NF,28
Kinetic Energy-NF-N-NP,93
Kinetic Energy-NF-N,5
Kinetic Energy-NP,62
Work by a constant force-BF-B-NP,4
Work by a constant force-BF-N-NF,3
Work by a constant force-BF-N-NP,7
Work by a constant force-BP,3
Work by a constant force-NF-B-NF,9
Work by a constant force-NF-B-NP,11
Work by a constant force-NF-B,3
Work by a constant force-NF-N-NF,32
Work by a constant force-NF-N-NP,98
Work by a constant force-NF-N,3
Work by a constant force-NP,26
Work and Kinetic Energy-BF-B-BF,2
Work and Kinetic Energy-BF-B-BP,1
Work and Kinetic Energy-BF-B-NP,3
Work and Kinetic Energy-BF-N-BF,1
Work and Kinetic Energy-BF-N-BP,3
Work and Kinetic Energy-BF-N-NF,2
Work and Kinetic Energy-BF-N-NP,12
Work and Kinetic Energy-BP,20
Work and Kinetic Energy-NF-B-BF,2
Work and Kinetic Energy-NF-B-BP,2
Work and Kinetic Energy-NF-B-NF,1
Work and Kinetic Energy-NF-B-NP,6
Work and Kinetic Energy-NF-B,1
Work and Kinetic Energy-NF-N-BF,2
Work and Kinetic Energy-NF-N-BP,3
Work and Kinetic Energy-NF-N-NF,7
Work and Kinetic Energy-NF-N-NP,44
Work and Kinetic Energy-NF-N,14
Work and Kinetic Energy-NP,97
Potential Energy-BF-B-BF,1
Potential Energy-BF-B-NF,1
Potential Energy-BF-B-NP,1
Potential Energy-BF-N-NF,5
Potential Energy-BF-N-NP,6
Potential Energy-NF-B-BF,1
Potential Energy-NF-B-NF,18
Potential Energy-NF-B-NP,11
Potential Energy-NF-B,1
Potential Energy-NF-N-BF,6
Potential Energy-NF-N-BP,4
Potential Energy-NF-N-NF,35
Potential Energy-NF-N-NP,63
Potential Energy-NF-N,2
Potential Energy-NP,47
When is Mechanical Energy Conserved-BF-B-NF,1
When is Mechanical Energy Conserved-BF-N-BF,3
When is Mechanical Energy Conserved-BF-N-NF,3
When is Mechanical Energy Conserved-BF-N-NP,8
When is Mechanical Energy Conserved-BP,1
When is Mechanical Energy Conserved-NF-B-BF,7
When is Mechanical Energy Conserved-NF-B-NF,7
When is Mechanical Energy Conserved-NF-B-NP,13
When is Mechanical Energy Conserved-NF-B,5
When is Mechanical Energy Conserved-NF-N-BF,10
When is Mechanical Energy Conserved-NF-N-BP,2
When is Mechanical Energy Conserved-NF-N-NF,63
When is Mechanical Energy Conserved-NF-N-NP,63
When is Mechanical Energy Conserved-NP,18
Simple Application of Conservation of Mechanical Energy-BF-B-NP,1
Simple Application of Conservation of Mechanical Energy-BF-N-NF,1
Simple Application of Conservation of Mechanical Energy-BF-N-NP,5
Simple Application of Conservation of Mechanical Energy-BP,1
Simple Application of Conservation of Mechanical Energy-NF-B-NF,2
Simple Application of Conservation of Mechanical Energy-NF-B-NP,21
Simple Application of Conservation of Mechanical Energy-NF-N-NF,2
Simple Application of Conservation of Mechanical Energy-NF-N-NP,85
Simple Application of Conservation of Mechanical Energy-NF-N,1
Simple Application of Conservation of Mechanical Energy-NP,83
Problems Using Conservation of Mechanical Energy-BF-B-BF,4
Problems Using Conservation of Mechanical Energy-BF-B-EF,1
Problems Using Conservation of Mechanical Energy-BF-B-NF,1
Problems Using Conservation of Mechanical Energy-BF-N-BF,1
Problems Using Conservation of Mechanical Energy-BF-N-EF,5
Problems Using Conservation of Mechanical Energy-BF-N-EP,1
Problems Using Conservation of Mechanical Energy-BF-N-NF,1
Problems Using Conservation of Mechanical Energy-NF-B-BF,5
Problems Using Conservation of Mechanical Energy-NF-B-EF,9
Problems Using Conservation of Mechanical Energy-NF-B-EP,1
Problems Using Conservation of Mechanical Energy-NF-B-NF,17
Problems Using Conservation of Mechanical Energy-NF-B-NP,1
Problems Using Conservation of Mechanical Energy-NF-B,3
Problems Using Conservation of Mechanical Energy-NF-N-BF,8
Problems Using Conservation of Mechanical Energy-NF-N-EF,62
Problems Using Conservation of Mechanical Energy-NF-N-EP,27
Problems Using Conservation of Mechanical Energy-NF-N-NF,23
Problems Using Conservation of Mechanical Energy-NF-N,6
Problems Using Conservation of Mechanical Energy-NP,28
Problems with Two Types of Potential Energy-BF-B-BF,2
Problems with Two Types of Potential Energy-BF-B-BP,2
Problems with Two Types of Potential Energy-BF-B-NF,1
Problems with Two Types of Potential Energy-BF-B-NP,2
Problems with Two Types of Potential Energy-BF-N-BF,2
Problems with Two Types of Potential Energy-BF-N-BP,2
Problems with Two Types of Potential Energy-BF-N-EF,3
Problems with Two Types of Potential Energy-BF-N-EP,4
Problems with Two Types of Potential Energy-BF-N-NF,3
Problems with Two Types of Potential Energy-BF-N-NP,1
Problems with Two Types of Potential Energy-BP,34
Problems with Two Types of Potential Energy-NF-B-BF,2
Problems with Two Types of Potential Energy-NF-B-BP,4
Problems with Two Types of Potential Energy-NF-B-EF,4
Problems with Two Types of Potential Energy-NF-B-EP,14
Problems with Two Types of Potential Energy-NF-B-NF,3
Problems with Two Types of Potential Energy-NF-B-NP,4
Problems with Two Types of Potential Energy-NF-B,1
Problems with Two Types of Potential Energy-NF-N-BF,5
Problems with Two Types of Potential Energy-NF-N-BP,2
Problems with Two Types of Potential Energy-NF-N-EF,8
Problems with Two Types of Potential Energy-NF-N-EP,19
Problems with Two Types of Potential Energy-NF-N-NF,4
Problems with Two Types of Potential Energy-NF-N-NP,1
Problems with Two Types of Potential Energy-NF-N,2
Problems with Two Types of Potential Energy-NP,68
Mechanical Energy and Nonconservative Work-BF-B-BF,1
Mechanical Energy and Nonconservative Work-BF-B-BP,6
Mechanical Energy and Nonconservative Work-BF-B-EF,1
Mechanical Energy and Nonconservative Work-BF-B-NP,1
Mechanical Energy and Nonconservative Work-BF-N-BF,3
Mechanical Energy and Nonconservative Work-BF-N-BP,10
Mechanical Energy and Nonconservative Work-BF-N-EP,4
Mechanical Energy and Nonconservative Work-BF-N-NP,4
Mechanical Energy and Nonconservative Work-BP,16
Mechanical Energy and Nonconservative Work-NF-B-BF,1
Mechanical Energy and Nonconservative Work-NF-B-BP,2
Mechanical Energy and Nonconservative Work-NF-B-EP,6
Mechanical Energy and Nonconservative Work-NF-B-NF,2
Mechanical Energy and Nonconservative Work-NF-B-NP,1
Mechanical Energy and Nonconservative Work-NF-B,1
Mechanical Energy and Nonconservative Work-NF-N-BP,22
Mechanical Energy and Nonconservative Work-NF-N-EP,15
Mechanical Energy and Nonconservative Work-NF-N-NF,4
Mechanical Energy and Nonconservative Work-NF-N-NP,14
Mechanical Energy and Nonconservative Work-NF-N,2
Mechanical Energy and Nonconservative Work-NP,67
More mechanical energy problems-BF-B-BF,20
More mechanical energy problems-BF-B-BP,6
More mechanical energy problems-BF-B-NF,1
More mechanical energy problems-BF-B-NP,1
More mechanical energy problems-BF-N-BF,2
More mechanical energy problems-BF-N-BP,2
More mechanical energy problems-BF-N-EF,2
More mechanical energy problems-BF-N-EP,2
More mechanical energy problems-BF-N-NF,5
More mechanical energy problems-BF-N-NP,1
More mechanical energy problems-BF-N,1
More mechanical energy problems-BP,15
More mechanical energy problems-NF-B-BF,9
More mechanical energy problems-NF-B-BP,3
More mechanical energy problems-NF-B-EF,1
More mechanical energy problems-NF-B-EP,5
More mechanical energy problems-NF-B-NF,1
More mechanical energy problems-NF-B-NP,4
More mechanical energy problems-NF-B,1
More mechanical energy problems-NF-N-BF,7
More mechanical energy problems-NF-N-BP,3
More mechanical energy problems-NF-N-EF,4
More mechanical energy problems-NF-N-EP,22
More mechanical energy problems-NF-N-NF,5
More mechanical energy problems-NF-N-NP,4
More mechanical energy problems-NP,33