More mechanical energy problems-BF-B-BF,13
More mechanical energy problems-BF-B-BP,5
More mechanical energy problems-BF-B-NF,1
More mechanical energy problems-BF-B-NP,2
More mechanical energy problems-BF-N-BF,2
More mechanical energy problems-BF-N-BP,1
More mechanical energy problems-BF-N-EF,2
More mechanical energy problems-BF-N-EP,3
More mechanical energy problems-BF-N-NF,5
More mechanical energy problems-BF-N-NP,1
More mechanical energy problems-BP--,21
More mechanical energy problems-NF-B-BF,7
More mechanical energy problems-NF-B-BP,4
More mechanical energy problems-NF-B-EP,4
More mechanical energy problems-NF-B-NP,4
More mechanical energy problems-NF-N-BF,7
More mechanical energy problems-NF-N-BP,2
More mechanical energy problems-NF-N-EF,4
More mechanical energy problems-NF-N-EP,24
More mechanical energy problems-NF-N-NF,5
More mechanical energy problems-NF-N-NP,3
More mechanical energy problems-NP--,33
More mechanical energy problems-Other--,69
