Simple Application of Conservation of Mechanical Energy-BF-B-BP,1
Simple Application of Conservation of Mechanical Energy-BF-N-BP,2
Simple Application of Conservation of Mechanical Energy-BF-N-,1
Simple Application of Conservation of Mechanical Energy-BF-N-NP,3
Simple Application of Conservation of Mechanical Energy-BP--,5
Simple Application of Conservation of Mechanical Energy-NF-B-BF,1
Simple Application of Conservation of Mechanical Energy-NF-B-BP,10
Simple Application of Conservation of Mechanical Energy-NF-B-EP,1
Simple Application of Conservation of Mechanical Energy-NF-B-NF,1
Simple Application of Conservation of Mechanical Energy-NF-B-NP,8
Simple Application of Conservation of Mechanical Energy-NF-N-BF,1
Simple Application of Conservation of Mechanical Energy-NF-N-BP,26
Simple Application of Conservation of Mechanical Energy-NF-N-EF,2
Simple Application of Conservation of Mechanical Energy-NF-N-EP,7
Simple Application of Conservation of Mechanical Energy-NF-N-NF,3
Simple Application of Conservation of Mechanical Energy-NF-N-NP,48
Simple Application of Conservation of Mechanical Energy-NP--,82
Simple Application of Conservation of Mechanical Energy-Other--,25
