Work and Kinetic Energy-BF-B-BF,1
Work and Kinetic Energy-BF-B-BP,1
Work and Kinetic Energy-BF-B-EP,1
Work and Kinetic Energy-BF-B-NP,2
Work and Kinetic Energy-BF-N-BF,1
Work and Kinetic Energy-BF-N-BP,2
Work and Kinetic Energy-BF-N-EF,3
Work and Kinetic Energy-BF-N-EP,5
Work and Kinetic Energy-BF-N-,1
Work and Kinetic Energy-BF-N-NP,5
Work and Kinetic Energy-BP--,21
Work and Kinetic Energy-NF-B-BF,2
Work and Kinetic Energy-NF-B-BP,1
Work and Kinetic Energy-NF-B-EF,1
Work and Kinetic Energy-NF-B-EP,2
Work and Kinetic Energy-NF-B-NP,4
Work and Kinetic Energy-NF-N-BF,3
Work and Kinetic Energy-NF-N-BP,1
Work and Kinetic Energy-NF-N-EF,3
Work and Kinetic Energy-NF-N-EP,23
Work and Kinetic Energy-NF-N-NF,5
Work and Kinetic Energy-NF-N-NP,17
Work and Kinetic Energy-NP--,97
Work and Kinetic Energy-Other--,12
