When is Mechanical Energy Conserved-BF-B-NF,1
When is Mechanical Energy Conserved-BF-N-BF,3
When is Mechanical Energy Conserved-BF-N-BP,1
When is Mechanical Energy Conserved-BF-N-NF,3
When is Mechanical Energy Conserved-BF-N-NP,7
When is Mechanical Energy Conserved-BP--,3
When is Mechanical Energy Conserved-NF-B-BF,4
When is Mechanical Energy Conserved-NF-B-NF,7
When is Mechanical Energy Conserved-NF-B-NP,13
When is Mechanical Energy Conserved-NF-N-BF,6
When is Mechanical Energy Conserved-NF-N-BP,1
When is Mechanical Energy Conserved-NF-N-NF,53
When is Mechanical Energy Conserved-NF-N-NP,64
When is Mechanical Energy Conserved-NP--,18
When is Mechanical Energy Conserved-Other--,44
