Problems Using Conservation of Mechanical Energy-BF-B-BF,4
Problems Using Conservation of Mechanical Energy-BF-B-EF,1
Problems Using Conservation of Mechanical Energy-BF-B-NF,1
Problems Using Conservation of Mechanical Energy-BF-N-BF,1
Problems Using Conservation of Mechanical Energy-BF-N-EF,5
Problems Using Conservation of Mechanical Energy-BF-N-EP,1
Problems Using Conservation of Mechanical Energy-BF-N-NF,1
Problems Using Conservation of Mechanical Energy-NF-B-BF,4
Problems Using Conservation of Mechanical Energy-NF-B-EF,9
Problems Using Conservation of Mechanical Energy-NF-B-EP,1
Problems Using Conservation of Mechanical Energy-NF-B-NF,13
Problems Using Conservation of Mechanical Energy-NF-B-NP,1
Problems Using Conservation of Mechanical Energy-NF-N-BF,8
Problems Using Conservation of Mechanical Energy-NF-N-EF,59
Problems Using Conservation of Mechanical Energy-NF-N-EP,26
Problems Using Conservation of Mechanical Energy-NF-N-NF,20
Problems Using Conservation of Mechanical Energy-NF-N-NP,1
Problems Using Conservation of Mechanical Energy-NP--,28
Problems Using Conservation of Mechanical Energy-Other--,35
