Mechanical Energy and Non-Conservative Work-BF-B-BF,2
Mechanical Energy and Non-Conservative Work-BF-B-BP,1
Mechanical Energy and Non-Conservative Work-BF-B-NF,2
Mechanical Energy and Non-Conservative Work-BF-B-NP,1
Mechanical Energy and Non-Conservative Work-BF-N-BF,3
Mechanical Energy and Non-Conservative Work-BF-N-BP,2
Mechanical Energy and Non-Conservative Work-BF-N-EF,2
Mechanical Energy and Non-Conservative Work-BF-N-EP,4
Mechanical Energy and Non-Conservative Work-BF-N-NF,5
Mechanical Energy and Non-Conservative Work-BF-N-NP,4
Mechanical Energy and Non-Conservative Work-BP--,22
Mechanical Energy and Non-Conservative Work-NF-B-BF,1
Mechanical Energy and Non-Conservative Work-NF-B-BP,1
Mechanical Energy and Non-Conservative Work-NF-B-EP,6
Mechanical Energy and Non-Conservative Work-NF-B-NF,2
Mechanical Energy and Non-Conservative Work-NF-B-NP,1
Mechanical Energy and Non-Conservative Work-NF-N-BF,2
Mechanical Energy and Non-Conservative Work-NF-N-BP,7
Mechanical Energy and Non-Conservative Work-NF-N-EF,2
Mechanical Energy and Non-Conservative Work-NF-N-EP,15
Mechanical Energy and Non-Conservative Work-NF-N-,1
Mechanical Energy and Non-Conservative Work-NF-N-NF,9
Mechanical Energy and Non-Conservative Work-NF-N-NP,13
Mechanical Energy and Non-Conservative Work-NP--,66
Mechanical Energy and Non-Conservative Work-Other--,46
