Work and Kinetic Energy-BF-B-BF,1
Work and Kinetic Energy-BF-B-BP,1
Work and Kinetic Energy-BF-B-NP,3
Work and Kinetic Energy-BF-N-BF,2
Work and Kinetic Energy-BF-N-BP,2
Work and Kinetic Energy-BF-N-NF,3
Work and Kinetic Energy-BF-N-NP,10
Work and Kinetic Energy-BP--,21
Work and Kinetic Energy-NF-B-BF,2
Work and Kinetic Energy-NF-B-BP,1
Work and Kinetic Energy-NF-B-NF,1
Work and Kinetic Energy-NF-B-NP,6
Work and Kinetic Energy-NF-N-BF,4
Work and Kinetic Energy-NF-N-BP,1
Work and Kinetic Energy-NF-N-NF,8
Work and Kinetic Energy-NF-N-NP,40
Work and Kinetic Energy-NP--,97
Work and Kinetic Energy-Other--,12
