Simple Application of Conservation of Mechanical Energy-BF-B-NP,1
Simple Application of Conservation of Mechanical Energy-BF-N-NF,1
Simple Application of Conservation of Mechanical Energy-BF-N-NP,5
Simple Application of Conservation of Mechanical Energy-BP--,5
Simple Application of Conservation of Mechanical Energy-NF-B-NF,2
Simple Application of Conservation of Mechanical Energy-NF-B-NP,19
Simple Application of Conservation of Mechanical Energy-NF-N-NF,6
Simple Application of Conservation of Mechanical Energy-NF-N-NP,81
Simple Application of Conservation of Mechanical Energy-NP--,83
Simple Application of Conservation of Mechanical Energy-Other--,25
