sequence ,n
Problems with Two Types of Potential Energy-BF-B-BF,2
Problems with Two Types of Potential Energy-BF-B-BP,3
Problems with Two Types of Potential Energy-BF-B-NF,1
Problems with Two Types of Potential Energy-BF-B-NP,1
Problems with Two Types of Potential Energy-BF-N-BF,2
Problems with Two Types of Potential Energy-BF-N-BP,2
Problems with Two Types of Potential Energy-BF-N-EF,4
Problems with Two Types of Potential Energy-BF-N-EP,3
Problems with Two Types of Potential Energy-BF-N-NF,3
Problems with Two Types of Potential Energy-BF-N-NP,1
Problems with Two Types of Potential Energy-BP--,34
Problems with Two Types of Potential Energy-NF-B-BF,1
Problems with Two Types of Potential Energy-NF-B-BP,5
Problems with Two Types of Potential Energy-NF-B-EF,3
Problems with Two Types of Potential Energy-NF-B-EP,10
Problems with Two Types of Potential Energy-NF-B-NF,1
Problems with Two Types of Potential Energy-NF-B-NP,3
Problems with Two Types of Potential Energy-NF-N-BF,3
Problems with Two Types of Potential Energy-NF-N-BP,2
Problems with Two Types of Potential Energy-NF-N-EF,11
Problems with Two Types of Potential Energy-NF-N-EP,14
Problems with Two Types of Potential Energy-NF-N-NF,4
Problems with Two Types of Potential Energy-NF-N-NP,1
Problems with Two Types of Potential Energy-NP--,68
Problems with Two Types of Potential Energy-Other--,41
